bootstrap_id,rmse_night,gpp_mean,reco_mean,nee_mean
1,0.9809742569923401,3.5209805965423584,3.465772867202759,-0.0552079975605011
2,0.9602881073951721,3.410223960876465,3.3935353755950928,-0.01668892800807953
3,0.9804455637931824,3.476301670074463,3.4288747310638428,-0.04742713272571564
4,0.9757973551750183,3.5381650924682617,3.486555576324463,-0.051609817892313004
5,0.9848088622093201,3.5574350357055664,3.4920949935913086,-0.06534019112586975
6,0.9760942459106445,3.50374174118042,3.4530279636383057,-0.05071413144469261
7,0.9884775280952454,3.5887398719787598,3.525057315826416,-0.0636829286813736
8,0.9734131097793579,3.5921170711517334,3.5517168045043945,-0.040400367230176926
9,0.9796993136405945,3.528083324432373,3.4580864906311035,-0.06999679654836655
10,0.9788383841514587,3.5517499446868896,3.4937140941619873,-0.05803646892309189
11,0.9650312066078186,3.584730625152588,3.555828332901001,-0.028902117162942886
12,0.9879950881004333,3.498793125152588,3.4564661979675293,-0.042326297610998154
13,1.0017341375350952,3.4838039875030518,3.450082540512085,-0.0337212048470974
14,0.9736048579216003,3.5942680835723877,3.5642311573028564,-0.03003690578043461
15,0.9806137681007385,3.5451786518096924,3.500216484069824,-0.044962216168642044
16,0.969146192073822,3.5515623092651367,3.479024648666382,-0.07253719866275787
17,0.9779374599456787,3.541400671005249,3.4995787143707275,-0.041822079569101334
18,1.0008842945098877,3.5202996730804443,3.4805078506469727,-0.03979207202792168
19,0.9850925803184509,3.5057241916656494,3.4428281784057617,-0.06289560347795486
20,0.9592992663383484,3.4055087566375732,3.3859140872955322,-0.019594399258494377
21,0.973125159740448,3.5271596908569336,3.501528739929199,-0.025630922988057137
22,0.9916379451751709,3.578397035598755,3.5601460933685303,-0.018251124769449234
23,0.9815466403961182,3.572629928588867,3.5224077701568604,-0.05022185295820236
24,0.9680816531181335,3.5030274391174316,3.455829381942749,-0.047198303043842316
25,0.9695153832435608,3.5977210998535156,3.5468013286590576,-0.05092029273509979
26,0.9629504680633545,3.5462093353271484,3.524801015853882,-0.021408624947071075
27,0.9725466370582581,3.436596393585205,3.349752426147461,-0.08684416860342026
28,0.9722978472709656,3.5381767749786377,3.4911954402923584,-0.046981289982795715
29,0.9901408553123474,3.5260422229766846,3.5007076263427734,-0.025334466248750687
30,0.9761795997619629,3.616492509841919,3.5773017406463623,-0.03919122740626335
31,0.9670350551605225,3.458714723587036,3.433699369430542,-0.02501509338617325
32,0.9789072871208191,3.5859827995300293,3.5401198863983154,-0.04586286470293999
33,0.9802583456039429,3.5573666095733643,3.4805996417999268,-0.07676730304956436
34,1.0002822875976562,3.5330302715301514,3.4796175956726074,-0.05341282859444618
35,0.9704114198684692,3.554356813430786,3.488114595413208,-0.06624231487512589
36,0.9762002825737,3.5362730026245117,3.4743778705596924,-0.06189553439617157
37,0.963155210018158,3.486248016357422,3.4597322940826416,-0.026515377685427666
38,0.9887005090713501,3.6073758602142334,3.5196354389190674,-0.08774019777774811
39,0.9789636731147766,3.5184755325317383,3.4698843955993652,-0.04859108850359917
40,0.9742034077644348,3.4961750507354736,3.445194959640503,-0.050979986786842346
41,0.9767817854881287,3.519690990447998,3.470168113708496,-0.04952268302440643
42,0.984720766544342,3.5088701248168945,3.426827907562256,-0.08204222470521927
43,0.9518660306930542,3.484938859939575,3.4560606479644775,-0.02887846529483795
44,0.9698649048805237,3.5160634517669678,3.481658697128296,-0.034404560923576355
45,1.0034884214401245,3.5349771976470947,3.517943859100342,-0.01703319512307644
46,0.9691125154495239,3.5386412143707275,3.519575357437134,-0.019066113978624344
47,0.9656317234039307,3.4956698417663574,3.4566376209259033,-0.03903231769800186
48,0.9691600799560547,3.4977962970733643,3.4638566970825195,-0.03393936902284622
49,0.980093240737915,3.5485260486602783,3.4972829818725586,-0.051243338733911514
50,0.9739603996276855,3.4983835220336914,3.4706227779388428,-0.027761150151491165
51,0.9643872976303101,3.5651347637176514,3.482478380203247,-0.08265598863363266
52,0.9518709778785706,3.402994155883789,3.3688600063323975,-0.03413389250636101
53,0.964207649230957,3.591980218887329,3.5399067401885986,-0.05207350105047226
54,0.9824860692024231,3.562191963195801,3.489152193069458,-0.07303936034440994
55,0.965641975402832,3.521123170852661,3.4698398113250732,-0.051283206790685654
56,0.9896287322044373,3.6058244705200195,3.5487918853759766,-0.0570329912006855
57,0.9842957854270935,3.494168519973755,3.4529366493225098,-0.041231539100408554
58,0.9680939316749573,3.6081435680389404,3.5263381004333496,-0.08180543035268784
59,0.968360960483551,3.5416579246520996,3.474693775177002,-0.06696364283561707
60,1.0156387090682983,3.5082173347473145,3.486715316772461,-0.02150207944214344
61,0.9788892865180969,3.5329220294952393,3.4837257862091064,-0.0491962805390358
62,0.9758753180503845,3.5120859146118164,3.4927916526794434,-0.019294220954179764
63,0.982323944568634,3.5290164947509766,3.505380868911743,-0.023635871708393097
64,0.9761211276054382,3.4664111137390137,3.4423084259033203,-0.024102529510855675
65,0.9827027916908264,3.5330300331115723,3.482008934020996,-0.051021091639995575
66,0.9702316522598267,3.514892101287842,3.4666829109191895,-0.04820938780903816
67,0.9572102427482605,3.489821195602417,3.4735233783721924,-0.01629754900932312
68,0.9659882187843323,3.4650819301605225,3.4412331581115723,-0.02384914457798004
69,0.9664543867111206,3.56070876121521,3.5086376667022705,-0.05207070708274841
70,0.972055196762085,3.528151750564575,3.4740004539489746,-0.054151423275470734
71,0.9751361608505249,3.3861544132232666,3.352835178375244,-0.03331944718956947
72,0.9776685833930969,3.508103847503662,3.435415506362915,-0.07268793135881424
73,0.9853068590164185,3.621110200881958,3.5429770946502686,-0.07813319563865662
74,0.9880444407463074,3.4805500507354736,3.4054388999938965,-0.07511094212532043
75,0.9967638254165649,3.5345890522003174,3.47603702545166,-0.05855204537510872
76,0.9655706286430359,3.551156997680664,3.5041654109954834,-0.04699169844388962
77,0.9604775309562683,3.5732309818267822,3.5288245677948,-0.04440666735172272
78,0.983476996421814,3.579251527786255,3.5323405265808105,-0.04691077768802643
79,1.0053271055221558,3.58158278465271,3.524675130844116,-0.056907691061496735
80,0.9703670740127563,3.5518243312835693,3.5266666412353516,-0.02515779808163643
81,0.954136073589325,3.51297664642334,3.4389216899871826,-0.07405468821525574
82,0.975387454032898,3.54522705078125,3.492125988006592,-0.05310091748833656
83,0.9740102887153625,3.469702959060669,3.4037585258483887,-0.06594443321228027
84,0.9758837223052979,3.4866535663604736,3.476045846939087,-0.010607992298901081
85,0.98862624168396,3.5377705097198486,3.4776673316955566,-0.060103412717580795
86,0.9627708196640015,3.509126663208008,3.4736647605895996,-0.03546159341931343
87,0.9764545559883118,3.4879355430603027,3.4380273818969727,-0.049907878041267395
88,0.9820964336395264,3.5803492069244385,3.5334229469299316,-0.04692598059773445
89,0.9858624935150146,3.508888006210327,3.4322316646575928,-0.07665661722421646
90,0.9790747165679932,3.6696557998657227,3.622775077819824,-0.04688073694705963
91,0.988828182220459,3.509737491607666,3.46669864654541,-0.04303885996341705
92,0.98490309715271,3.5942459106445312,3.5416922569274902,-0.05255350470542908
93,0.9739302396774292,3.5049197673797607,3.463014841079712,-0.04190526157617569
94,0.9951674342155457,3.5661494731903076,3.533973217010498,-0.03217610344290733
95,0.9752789735794067,3.4958555698394775,3.481069564819336,-0.01478605903685093
96,0.9893171191215515,3.478403329849243,3.4347333908081055,-0.043670061975717545
97,0.9729692339897156,3.5709004402160645,3.5178334712982178,-0.053067319095134735
98,0.9744497537612915,3.5818257331848145,3.5333731174468994,-0.04845240339636803
99,0.9718013405799866,3.532424211502075,3.4602317810058594,-0.07219206541776657
100,1.0084586143493652,3.533994436264038,3.480473041534424,-0.05352146923542023
101,0.9661819338798523,3.518188238143921,3.4548401832580566,-0.06334809213876724
102,0.9861817359924316,3.5632259845733643,3.5322108268737793,-0.031014813110232353
103,0.9827921390533447,3.5152366161346436,3.489912509918213,-0.025324048474431038
104,0.9472252726554871,3.4658408164978027,3.424706220626831,-0.04113469645380974
105,0.9786642789840698,3.473823070526123,3.430642604827881,-0.043180570006370544
106,0.9602556824684143,3.4887630939483643,3.4429073333740234,-0.04585578665137291
107,1.0035521984100342,3.5853147506713867,3.509880542755127,-0.075434610247612
108,0.9760258197784424,3.5524489879608154,3.514678955078125,-0.03777041286230087
109,0.9787996411323547,3.634615421295166,3.5805225372314453,-0.05409270152449608
110,0.980109691619873,3.580261707305908,3.550344944000244,-0.02991674281656742
111,0.9950487613677979,3.5985283851623535,3.546473741531372,-0.05205482617020607
112,0.9749937653541565,3.6268887519836426,3.5897326469421387,-0.03715606406331062
113,0.9839912056922913,3.572758436203003,3.494096517562866,-0.07866230607032776
114,0.9743878841400146,3.493858575820923,3.4201788902282715,-0.07367939502000809
115,0.9802646636962891,3.5415542125701904,3.4734721183776855,-0.0680825412273407
116,0.9846574068069458,3.470452308654785,3.425022840499878,-0.045429423451423645
117,0.9688619375228882,3.488374710083008,3.4688704013824463,-0.019504157826304436
118,0.9796023964881897,3.551180124282837,3.47538161277771,-0.07579818367958069
119,0.9697919487953186,3.565290927886963,3.5173847675323486,-0.04790608584880829
120,0.9667551517486572,3.579943895339966,3.564732789993286,-0.015211219899356365
121,0.9738968014717102,3.5253665447235107,3.452134132385254,-0.07323221117258072
122,0.9804744124412537,3.5495986938476562,3.535097122192383,-0.014501478523015976
123,0.9662072062492371,3.520235538482666,3.4875028133392334,-0.03273309767246246
124,0.9864614009857178,3.6696486473083496,3.615133285522461,-0.05451538413763046
125,0.9723542332649231,3.5127015113830566,3.483088731765747,-0.029612107202410698
126,0.9732030034065247,3.5667226314544678,3.5373141765594482,-0.029408929869532585
127,0.9649352431297302,3.467453718185425,3.3983206748962402,-0.06913304328918457
128,0.9660098552703857,3.565798759460449,3.5028505325317383,-0.06294860690832138
129,0.9790971875190735,3.5218353271484375,3.496187925338745,-0.02564716339111328
130,0.97903972864151,3.5368857383728027,3.457920789718628,-0.07896492630243301
131,0.9899632930755615,3.6357223987579346,3.5479283332824707,-0.08779383450746536
132,0.985173225402832,3.540637493133545,3.4942290782928467,-0.046408265829086304
133,0.9783878326416016,3.5082030296325684,3.439528226852417,-0.06867493689060211
134,0.963687002658844,3.501391649246216,3.4475245475769043,-0.05386684462428093
135,0.9783851504325867,3.586171865463257,3.540497064590454,-0.045675162225961685
136,0.9803078174591064,3.5083441734313965,3.437142848968506,-0.0712013989686966
137,0.9779058694839478,3.499638557434082,3.4323885440826416,-0.06724990159273148
138,0.9762780666351318,3.5111515522003174,3.4627697467803955,-0.048381559550762177
139,0.9635902047157288,3.5764360427856445,3.490729808807373,-0.085706427693367
140,0.9748566746711731,3.5575106143951416,3.5057854652404785,-0.0517256036400795
141,0.9678550958633423,3.538689136505127,3.4952080249786377,-0.04348127916455269
142,0.9610031247138977,3.5663275718688965,3.495591878890991,-0.07073541730642319
143,0.9721255302429199,3.482804298400879,3.462902307510376,-0.01990198716521263
144,0.9672452807426453,3.4540486335754395,3.4280049800872803,-0.026044070720672607
145,0.9699369072914124,3.5709850788116455,3.5062992572784424,-0.06468620151281357
146,0.9794697165489197,3.4972219467163086,3.4158987998962402,-0.0813230648636818
147,0.9752666354179382,3.5498833656311035,3.5176026821136475,-0.03228076919913292
148,0.9724191427230835,3.5325520038604736,3.4946136474609375,-0.03793841227889061
149,0.9864381551742554,3.486152172088623,3.465754985809326,-0.020397266373038292
150,0.9749041795730591,3.6018073558807373,3.5691428184509277,-0.03266436234116554
151,0.9739518761634827,3.522707462310791,3.505685806274414,-0.017021579667925835
152,0.9859164357185364,3.564332962036133,3.5073165893554688,-0.057016465812921524
153,0.9737650156021118,3.5102603435516357,3.4643096923828125,-0.04595080018043518
154,0.9833238124847412,3.5145411491394043,3.4682559967041016,-0.04628560692071915
155,0.9731630086898804,3.502249240875244,3.4869775772094727,-0.01527171116322279
156,0.9783903360366821,3.5062129497528076,3.437344551086426,-0.06886829435825348
157,0.9844731092453003,3.5971221923828125,3.5255720615386963,-0.07155017554759979
158,0.96827232837677,3.5215959548950195,3.497060775756836,-0.024535153061151505
159,0.9475030303001404,3.484236001968384,3.4460883140563965,-0.03814781457185745
160,0.9658903479576111,3.5034990310668945,3.4191348552703857,-0.084364153444767
161,0.991010308265686,3.5593442916870117,3.492220163345337,-0.06712409853935242
162,0.9791300892829895,3.572695732116699,3.4988105297088623,-0.07388483732938766
163,0.9699468016624451,3.4822604656219482,3.4224066734313965,-0.05985415354371071
164,0.9787269830703735,3.564619541168213,3.5282247066497803,-0.03639451786875725
165,0.9762861132621765,3.5847530364990234,3.5351381301879883,-0.04961555451154709
166,0.9909101724624634,3.5038812160491943,3.473372459411621,-0.0305084977298975
167,0.9812130331993103,3.4946448802948,3.4667418003082275,-0.027903061360120773
168,0.9838595986366272,3.537019968032837,3.5013227462768555,-0.03569715470075607
169,0.9656256437301636,3.5392236709594727,3.4670510292053223,-0.07217226177453995
170,0.9629063010215759,3.517566204071045,3.4873111248016357,-0.03025481104850769
171,0.9823206067085266,3.529554605484009,3.462970733642578,-0.06658371537923813
172,0.9662675857543945,3.5005221366882324,3.430176258087158,-0.07034585624933243
173,0.9769636392593384,3.5134193897247314,3.4670217037200928,-0.04639812186360359
174,0.9748503565788269,3.573592185974121,3.489896774291992,-0.08369560539722443
175,0.9963540434837341,3.5219571590423584,3.517058849334717,-0.004898612853139639
176,0.9637723565101624,3.565772771835327,3.5090198516845703,-0.05675257369875908
177,0.9676188826560974,3.5371739864349365,3.4705328941345215,-0.06664164364337921
178,0.9962908625602722,3.5200443267822266,3.4441843032836914,-0.07585984468460083
179,0.9676573872566223,3.5944859981536865,3.5715572834014893,-0.022929158061742783
180,0.9605802893638611,3.5292365550994873,3.5108985900878906,-0.018337834626436234
181,0.9927420616149902,3.486408233642578,3.408426523208618,-0.07798197120428085
182,0.9660484194755554,3.528522253036499,3.457594394683838,-0.07092743366956711
183,1.0133544206619263,3.528897285461426,3.4741201400756836,-0.05477746203541756
184,0.96905517578125,3.6363942623138428,3.588927745819092,-0.04746634513139725
185,0.9642553329467773,3.5799872875213623,3.540717840194702,-0.03926963731646538
186,0.9555912017822266,3.5586209297180176,3.531700849533081,-0.026920445263385773
187,0.9741638898849487,3.5883917808532715,3.5525693893432617,-0.035822413861751556
188,0.950468897819519,3.614259719848633,3.5561249256134033,-0.05813473090529442
189,0.9703124761581421,3.5191168785095215,3.4420602321624756,-0.07705672830343246
190,0.9604261517524719,3.5145785808563232,3.4755098819732666,-0.03906872123479843
191,0.9712372422218323,3.553288221359253,3.501626491546631,-0.051661595702171326
192,0.9757819771766663,3.418476104736328,3.3741354942321777,-0.044340819120407104
193,0.9708921909332275,3.571676015853882,3.5184338092803955,-0.053241923451423645
194,0.9897849559783936,3.5107595920562744,3.4626288414001465,-0.04813069850206375
195,0.9758260250091553,3.586184501647949,3.553887128829956,-0.03229731693863869
196,0.9662665128707886,3.492814540863037,3.4452288150787354,-0.04758603870868683
197,0.977591872215271,3.5647592544555664,3.512629270553589,-0.052129846066236496
198,1.003099799156189,3.5925581455230713,3.550661325454712,-0.04189664497971535
199,0.9646357297897339,3.5936734676361084,3.563400983810425,-0.03027227707207203
200,0.979884684085846,3.462231159210205,3.439932107925415,-0.02229933999478817
